date,title,born,died,description,image,align
January 1,J. Edgar Hoover,1895,1972,FBI director,https://www.biography.com/.image/t_share/MTE5NDg0MDU1MDAwOTQyMDk1/j-edgar-hoover-9343398-1-402.jpg
January 2,Isaac Asimov**,1920,1992,sci-fi author,https://www.biography.com/.image/c_fill%2Ccs_srgb%2Cfl_progressive%2Ch_400%2Cq_auto:good%2Cw_620/MTE5NDg0MDU0ODg0MzUzNTUx/isaac-asimov-9190737-1-402.jpg
January 3,J. R. R. Tolkien,1892,1973,fantasy author,http://www.nndb.com/people/511/000022445/jrrtolkien.jpg
January 4,Louis Braille,1809,1852,blind educator,https://www.historytoday.com/sites/default/files/Louis-Braille_0.jpg
January 5,Umberto Eco,1932,2016,writer,https://upload.wikimedia.org/wikipedia/commons/thumb/6/64/Italiaanse_schrijver_Umberto_Eco%2C_portret.jpg/681px-Italiaanse_schrijver_Umberto_Eco%2C_portret.jpg,0.4
January 6,Benjamin Franklin*,1705,1790,US founding father,https://upload.wikimedia.org/wikipedia/commons/thumb/8/87/Joseph_Siffrein_Duplessis_-_Benjamin_Franklin_-_Google_Art_Project.jpg/800px-Joseph_Siffrein_Duplessis_-_Benjamin_Franklin_-_Google_Art_Project.jpg
January 7,Francis Poulenc,1899,1963,composer,https://www.pianoversal.com/images/joomlart/music/composer_of_the_week/Poulenc.jpeg
January 8,Elvis Presley,1935,1977,singer,https://assets.speakcdn.com/assets/2597/bio3_verticalresponsive.jpg
January 9,Richard Nixon,1913,1994,US president,https://upload.wikimedia.org/wikipedia/commons/e/ec/Richard_Nixon_presidential_portrait.jpg
January 10,Linda Lovelace,1949,2002,porn actress,"https://m.media-amazon.com/images/M/MV5BYTkyZDA1ZjAtNjNkNC00ZDA0LTk2MDgtZTNjMzEzYjhmOThlXkEyXkFqcGdeQXVyNTk5NzQ5Ng@@._V1_SY1000_CR0,0,803,1000_AL_.jpg"
January 11,Alexander Hamilton,1755/57,1804,US founding father,https://upload.wikimedia.org/wikipedia/commons/thumb/0/05/Alexander_Hamilton_portrait_by_John_Trumbull_1806.jpg/800px-Alexander_Hamilton_portrait_by_John_Trumbull_1806.jpg
January 12,Joe Frazier,1944,2011,boxer,https://images.findagrave.com/photos250/photos/2011/310/80057055_132072915329.jpg
January 13,Chaim Soutine,1893,1943,painter,https://static.timesofisrael.com/www/uploads/2018/05/Soutine-on-park-bench-e1526489608551-1024x640.jpg
January 14,Mark Anthony,83 BC,30 BC,Roman triumvir,https://i.pinimg.com/originals/65/79/5b/65795b6add03aff6638388c3366cbc8b.jpg
January 15,Martin Luther King,1929,1968,civil rights activist,https://www.biography.com/.image/t_share/MTE5NTU2MzE2MjgwNDg5NDgz/martin-luther-king-jr-9365086-2-402.jpg
January 16,Aaliyah,1979,2001,singer,https://upload.wikimedia.org/wikipedia/commons/1/14/Aaliyah-02.jpg
January 17,Muhammad Ali,1942,2016,boxer,https://www.biography.com/.image/t_share/MTQ3NjYxMzk4NjkwNzY4NDkz/muhammad_ali_photo_by_stanley_weston_archive_photos_getty_482857506.jpg
January 18,Cary Grant,1904,1986,actor,https://upload.wikimedia.org/wikipedia/commons/thumb/2/27/Grant%2C_Cary_%28Suspicion%29_01_Crisco_edit.jpg/800px-Grant%2C_Cary_%28Suspicion%29_01_Crisco_edit.jpg
January 19,Edgar Allan Poe,1809,1849,poet,https://upload.wikimedia.org/wikipedia/commons/b/b1/Edgar_Allan_Poe_portrait.jpg
January 20,Jeffrey Epstein,1953,2019,sex offender,https://www.rollingstone.com/wp-content/uploads/2019/08/all-about-epstein-death.jpg
January 21,Christian Dior,1905,1957,fashion designer,https://karsh.org/wordpress/wp-content/uploads/2016/10/Yousuf-Karsh-Christian-Dior-1954-1550x1960.jpg
January 22,Francis Bacon,1561,1626,natural philosopher,https://www.bbc.co.uk/staticarchive/97d12664d146bc437b604a3f45ef16cb0de05473.jpg
January 23,Édouard Manet,1832,1883,painter,https://upload.wikimedia.org/wikipedia/commons/thumb/2/20/%C3%89douard_Manet%2C_en_buste%2C_de_face_-_Nadar.jpg/220px-%C3%89douard_Manet%2C_en_buste%2C_de_face_-_Nadar.jpg
January 24,Frederick the Great,1712,1786,Prussian king,https://nationalinterest.org/sites/default/files/main_images/Fritz_pd.jpg
January 25,Virginia Woolf,1882,1941,author,https://upload.wikimedia.org/wikipedia/commons/thumb/0/0b/George_Charles_Beresford_-_Virginia_Woolf_in_1902_-_Restoration.jpg/659px-George_Charles_Beresford_-_Virginia_Woolf_in_1902_-_Restoration.jpg
January 26,Paul Newman,1925,2008,actor,https://cdn.britannica.com/64/126664-050-35C7CECA/Paul-Newman.jpg
January 27,Wolfgang Amadeus Mozart,1756,1791,composer,https://www.biography.com/.image/ar_1:1%2Cc_fill%2Ccs_srgb%2Cg_face%2Cq_auto:good%2Cw_300/MTE1ODA0OTcxNzMyNjY1ODY5/wolfgang-mozart-9417115-2-402.jpg
January 28,Jackson Pollock,1912,1956,painter,https://www.thefamouspeople.com/profiles/images/jackson-pollock-2.jpg
January 29,Thomas Paine*,1736,1809,political theorist,https://cdn.britannica.com/55/190255-050-B00915EC/Thomas-Paine-portrait-collection-George-Romney-American.jpg
January 30,Franklin D. Roosevelt,1882,1945,US president,https://upload.wikimedia.org/wikipedia/commons/4/42/FDR_1944_Color_Portrait.jpg
January 31,Franz Schubert,1797,1828,composer,https://www.wrti.org/sites/wrti/files/201801/schubert.jpg

February 1,Clark Gable,1901,1960,actor,https://www.biography.com/.image/t_share/MTE4MDAzNDEwNTI4NzMyNjg2/clark-gable-9304376-1-402.jpg
February 2,James Joyce,1882,1941,author,https://www.biography.com/.image/t_share/MTE1ODA0OTcxNjgwMTcxNTMz/james-joyce-9358676-1-402.jpg
February 3,Felix Mendelssohn,1809,1847,composer,http://www.theimaginativeconservative.org/wp-content/uploads/2017/04/Felix-Mendelssohn.jpg
February 4,Rosa Parks,1913,2005,civil rights activist,https://www.gannett-cdn.com/-mm-/7dd0c93257a99a555f3b17402bcf8105e19a69c2/c=5-0-1505-2000/local/-/media/2016/02/04/USATODAY/USATODAY/635901709997759789-AP-Rosa-Parks-Arrested.jpg?quality=50&width=640
February 5,William S. Burroughs,1914,1997,author,https://media.npr.org/assets/img/2014/02/04/2665876_slide-44869233979e1ba0a43cc2e0169706c3abf39622.jpg,0.2
February 6,Ronald Reagan,1911,2004,US president,https://images.forbes.com/media/2010/07/21/0721_fc-ronald-reagan_400x400.jpg
February 7,Charles Dickens,1812,1870,author,https://upload.wikimedia.org/wikipedia/commons/a/aa/Dickens_Gurney_head.jpg
February 8,James Dean,1931,1955,actor,https://www.twoop.com/wp-content/uploads/2015/01/James-Dean.jpg
February 9,William Henry Harrison,1773,1841,US president,https://upload.wikimedia.org/wikipedia/commons/thumb/c/c5/William_Henry_Harrison_daguerreotype_edit.jpg/220px-William_Henry_Harrison_daguerreotype_edit.jpg
February 10,Bertolt Brecht,1898,1956,playwright,https://upload.wikimedia.org/wikipedia/commons/7/73/Bertolt-Brecht.jpg
February 11,George Washington*,1732,1799,US president,https://www.biography.com/.image/t_share/MTY2NDcwODAyODk0NDk2OTI5/gilbert_stuart_williamstown_portrait_of_george_washington_promo.jpg
February 12,Abraham Lincoln,1809,1865,US president,https://upload.wikimedia.org/wikipedia/commons/thumb/a/ab/Abraham_Lincoln_O-77_matte_collodion_print.jpg/720px-Abraham_Lincoln_O-77_matte_collodion_print.jpg
February 13,Georges Simenon,1903,1989,author,https://www.irishtimes.com/polopoly_fs/1.2145953.1426786763!/image/image.jpg_gen/derivatives/ratio_1x1_w1200/image.jpg
February 14,Jimmy Hoffa,1913,1975?,trade unionist,https://cdn.nybooks.com/wp-content/uploads/2019/09/GettyImages-3321512.jpg
February 15,Galileo Galilei,1564,1642,astronomer,https://lh3.googleusercontent.com/proxy/oglEM8XaUeOfp1ap7SclgfHHiO7YwtEgsG1nu9JR-Ew05d66g6iQRWrvCqLY1BP1JUgHVrbC7JvqtdgLOIheV58hNefIYFXojPA4Mv3rALA
February 16,Kim Jong-il,1941/42,2011,North Korean leader,https://upload.wikimedia.org/wikipedia/commons/thumb/1/13/Kim_Jong_il_Portrait-2.jpg/1200px-Kim_Jong_il_Portrait-2.jpg
February 17,Huey P. Newton,1942,1989,Black Panther leader,https://4.bp.blogspot.com/-7z1YBdc1i8I/W9D9utlDHbI/AAAAAAAB_t8/r7cx4LEzQfU1Lk81DLKnIvkiGGYwFXoHgCLcBGAs/s1600/Huey%2BP.%2BNewton.jpg
February 18,Mary I,1516,1558,English queen,https://images.immediate.co.uk/production/volatile/sites/7/2018/01/Mary-Tudor_GettyImages-635758513-feb64f7.jpg
February 19,Nicolaus Copernicus,1473,1543,astronomer,https://upload.wikimedia.org/wikipedia/commons/f/f2/Nikolaus_Kopernikus.jpg
February 20,Kurt Cobain,1967,1994,singer-songwriter,https://image.cnbcfm.com/api/v1/image/101556587-81778941.jpg?v=1532564510&w=678&h=381
February 21,Robert Mugabe,1924,2019,Zimbabwe president,https://www.biography.com/.image/t_share/MTY2NzI0MTkzMzQ4NDk0NjI4/mugabe-photo-by-thierry-tronnelcorbis-via-getty-images-small.jpg
February 22,Steve Irwin,1962,2006,conservationist,https://i.pinimg.com/originals/db/2d/b3/db2db3845e6418c8354ac1d627596e88.jpg
February 23,George Handel*,1685,1759,composer,https://www.onthisday.com/images/people/george-frideric-handel-medium.jpg
February 24,Steve Jobs,1955,2011,CEO,https://upload.wikimedia.org/wikipedia/commons/thumb/d/dc/Steve_Jobs_Headshot_2010-CROP_%28cropped_2%29.jpg/1200px-Steve_Jobs_Headshot_2010-CROP_%28cropped_2%29.jpg
February 25,George Harrison,1943,2001,musician,https://upload.wikimedia.org/wikipedia/commons/thumb/4/42/George_Harrison_1974.jpg/1200px-George_Harrison_1974.jpg
February 26,Johnny Cash,1932,2003,singer,https://pm1.narvii.com/6949/996293a3d2a80e2e7b4e0b94126d0d532d17c8b3r1-1591-2048v2_hq.jpg
February 27,Elizabeth Taylor,1932,2011,actress,https://www.biography.com/.image/ar_1:1%2Cc_fill%2Ccs_srgb%2Cg_face%2Cq_auto:good%2Cw_300/MTQ1Nzg3NjkyMDk1OTA3MDg4/gettyimages-153477096.jpg
February 28,Brian Jones,1942,1969,musician,https://www.rollingstone.com/wp-content/uploads/2018/06/rs-7921-121110-rollingstones-39-rect-1352696757.jpg
February 29,Gioachino Rossini,1792,1868,composer,https://medicitv-b.imgix.net/artist/gioachino-rossini.jpg

March 1,Frédéric Chopin,1810,1849,composer,https://www.ericksonliving.com/sites/default/files/tribune/Chopin_web_0.jpg
March 2,Dr. Seuss,1904,1991,children's author,https://bostonglobe-prod.cdn.arcpublishing.com/resizer/z1fqcSBCRj9mTSkDwdRYkpKjVWA=/1440x0/arc-anglerfish-arc2-prod-bostonglobe.s3.amazonaws.com/public/VYV5A5FOBAI6PGPMGA7BKSJE2M.jpg
March 3,Alexander Graham Bell,1847,1922,inventor,https://www.biography.com/.image/t_share/MTI3NTk5NjI3MTIwNzEyMTU4/alexander-graham-bell-photojpg.jpg
March 4,Antonio Vivaldi,1678,1741,composer,https://oae.co.uk/wp-content/uploads/2019/07/vivaldi.jpg
March 5,Rosa Luxemburg,1871,1919,revolutionary,https://cdn.britannica.com/27/183327-050-32597A2A/Rosa-Luxemburg.jpg
March 6,Michelangelo,1475,1564,artist,https://upload.wikimedia.org/wikipedia/commons/0/02/Michelangelo_Daniele_da_Volterra_%28dettaglio%29.jpg
March 7,Piet Mondrian,1872,1944,painter,https://www.od-hotels.com/content/imgsxml/magazine/m-capturadepantalla2018-11-30alas11.07.45807.png
March 8,Otto Hahn,1879,1968,chemist,https://static01.nyt.com/images/2016/07/28/world/nf-obits-hahn-1/nf-obits-hahn-facebookJumbo.jpg,0.25
March 9,Yuri Gagarin,1934,1968,cosmonaut,https://www.reallifestories.org/wp-content/uploads/2018/10/Yuri-Gagarin-2-1.jpg
March 10,Osama bin Laden,1957,2011,terrorist,https://www.history.com/.image/t_share/MTU3ODc5MDg2NDMzNTExMTM1/osama-bin-laden-born-march-10-1957-member-of-the-prominent-saudi-bin-laden-family-and-the-founder-of-the-islamic-extremist-organization-al-qaeda-best-known-for-the-september-11-attacks-on-the-unite.jpg
March 11,Douglas Adams,1952,2001,author,https://www.writersdigest.com/.image/t_share/MTcxMDY1ODEzNDEzODY1NDU3/image-placeholder-title.jpg
March 12,Jack Kerouac,1922,1969,author,https://i1.wp.com/dailyzen.co.uk/wp-content/uploads/2015/04/Jack-Kerouac.jpg
March 13,Joseph II,1741,1790,Holy Roman Emperor,https://www.biography.com/.image/t_share/MTE1ODA0OTcxNjc5NDUwNjM3/joseph-ii-9358214-1-402.jpg
March 14,Albert Einstein,1879,1955,physicist,https://upload.wikimedia.org/wikipedia/commons/thumb/d/d3/Albert_Einstein_Head.jpg/800px-Albert_Einstein_Head.jpg
March 15,Ruth Bader Ginsburg,1933,2020,Supreme Court judge,https://www.pbs.org/newshour/app/uploads/2014/07/640px-Ruth_Bader_Ginsburg_official_SCOTUS_portrait.jpg
March 16,Jerry Lewis,1926,2017,comedian,https://pyxis.nymag.com/v1/imgs/7d2/5e5/04e78f396a90c4b829be4621af17461b81-22-jerry-lewis.rsquare.w700.jpg
March 17,Nat King Cole,1919,1965,singer,https://www.biography.com/.image/t_share/MTE5NDg0MDU0OTI5NjM4OTI3/nat-king-cole-9253026-1-402.jpg
March 18,Neville Chamberlain,1869,1940,British PM,https://upload.wikimedia.org/wikipedia/commons/thumb/f/f1/Neville_Chamberlain.jpg/1200px-Neville_Chamberlain.jpg
March 19,Wyatt Earp,1848,1929,frontiersman,"https://img.thedailybeast.com/image/upload/c_crop,d_placeholder_euli9k,h_1439,w_2560,x_0,y_0/dpr_1.5/c_limit,w_1044/fl_lossy,q_auto/v1492725253/articles/2013/07/21/the-wyatt-earp-myth-america-s-most-famous-vigilante-wasn-t/130719-wyatt-earp-isenberg-tease_b1tntq"
March 20,Mister Rogers,1928,2003,television host,https://ca-times.brightspotcdn.com/dims4/default/18a5097/2147483647/strip/true/crop/1500x844+0+0/resize/840x473!/quality/90/?url=https%3A%2F%2Fcalifornia-times-brightspot.s3.amazonaws.com%2F6e%2F24%2F7877b5d3c8f68228b2499ed3a902%2Fla-me-fred-rogers-20030228-001
March 21,Johann Sebastian Bach*,1685,1750,composer,https://media.wnyc.org/i/1008/872/l/80/1/bach.png
March 22,Marcel Marceau,1923,2007,mime artist,https://assets.forwardcdn.com/images/cropped/gettyimages-857381258-1515004197.jpg
March 23,Joan Crawford,1904/08,1977,actress,https://www.joancrawfordbest.com/30paidpub17apr1.jpg
March 24,Harry Houdini,1874,1926,escapologist,https://ca-times.brightspotcdn.com/dims4/default/7acb46d/2147483647/strip/true/crop/2048x1075+0+38/resize/1200x630!/quality/90/?url=https%3A%2F%2Fcalifornia-times-brightspot.s3.amazonaws.com%2Fac%2F6b%2F01157675d7e6f1c815ee4b988d1a%2Fla-me-harry-houdini-19261101-001
March 25,Aretha Franklin,1942,2018,singer-songwriter,https://i.pinimg.com/736x/f9/69/c4/f969c4e432b3045e43d09fb59fb45898.jpg
March 26,Leonard Nimoy,1931,2015,actor,https://i.pinimg.com/originals/dd/61/b3/dd61b322616a02fa1591e4e102e545f9.jpg
March 27,Gloria Swanson,1899,1983,actress,https://cdn.britannica.com/16/134716-050-52B74A74/Gloria-Swanson-1950.jpg
March 28,Teresa of Ávila,1515,1582,saint,https://upload.wikimedia.org/wikipedia/commons/a/ae/Peter_Paul_Rubens_138.jpg
March 29,Sam Walton,1918,1992,businessman,https://miro.medium.com/max/1000/1*sBAlk61fSzUMFFlQQUTPbQ.png
March 30,Vincent van Gogh,1853,1890,painter,https://upload.wikimedia.org/wikipedia/commons/thumb/4/4c/Vincent_van_Gogh_-_Self-Portrait_-_Google_Art_Project_%28454045%29.jpg/800px-Vincent_van_Gogh_-_Self-Portrait_-_Google_Art_Project_%28454045%29.jpg
March 31,René Descartes,1596,1650,philosopher,https://thesymposiummagazinedotcom.files.wordpress.com/2015/10/rene-descartes.jpg

April 1,Otto von Bismarck,1815,1898,German chancellor,https://hekint.org/wp-content/uploads/2019/05/Bismarck-image.jpg
April 2,Thomas Jefferson*,1743,1826,US president,https://upload.wikimedia.org/wikipedia/commons/b/b1/Official_Presidential_portrait_of_Thomas_Jefferson_%28by_Rembrandt_Peale%2C_1800%29%28cropped%29.jpg
April 3,Marlon Brando,1924,2004,actor,https://www.biography.com/.image/t_share/MTE4MDAzNDEwNDYyMjEzNjQ2/marlon-brando-9224306-2-raw.jpg
April 4,Heath Ledger,1979,2008,actor,https://static.seattletimes.com/wp-content/uploads/2009/01/2008659355-300x0.jpg
April 5,Bette Davis,1908,1989,actress,https://media.newyorker.com/photos/5ec1dd95400c65cf1ae53116/master/pass/ra763.jpg
April 6,Raphael,1483,1520,painter,https://upload.wikimedia.org/wikipedia/commons/thumb/f/f6/Raffaello_Sanzio.jpg/800px-Raffaello_Sanzio.jpg
April 7,Billie Holiday,1915,1959,jazz singer,https://img.discogs.com/9AZYemvUs5KtHGKfjaOqbMowrWo=/400x511/smart/filters:strip_icc():format(jpeg):mode_rgb():quality(90)/discogs-images/A-33589-1361039118-1254.jpeg.jpg
April 8,Kofi Annan,1938,2018,UN secretary-general,https://upload.wikimedia.org/wikipedia/commons/7/72/Kofi_Annan_2012_%28cropped%29.jpg
April 9,Hugh Hefner,1926,2017,Playboy founder,"https://the-hollywood-gossip-res.cloudinary.com/iu/s--wh2PojCt--/t_full/cs_srgb,f_auto,fl_strip_profile.lossy,q_auto:420/v1475243923/hugh-hefner-in-a-hat.jpg"
April 10,Vladimir Lenin*,1870,1924,revolutionary,https://www.onthisday.com/images/people/vladimir-lenin-medium.jpg
April 11,Anton LaVey,1930,1997,Satanist,https://cdn.vox-cdn.com/thumbor/qDoTPoKi2bLlFP3J8dGi6KEmigk=/1400x1400/filters:format(jpeg)/cdn.vox-cdn.com/uploads/chorus_asset/file/16128773/1_62.jpg
April 12,Tom Clancy,1947,2013,novelist,https://www.gannett-cdn.com/-mm-/3e6f8569ccc602a636efb411d0d2ba1ed484aaf3/c=0-0-1950-1101/local/-/media/USATODAY/test/2013/10/02/1380734311000-AP-Obit-Tom-Clancy.jpg
April 13,Guy Fawkes,1570,1606,conspirator,https://4.bp.blogspot.com/_un85FN-LriE/Ry-6Wg2ozZI/AAAAAAAAAk4/IFtyIay6GLY/w1200-h630-p-k-no-nu/guyfawkes.jpg
April 14,Rod Steiger,1925,2002,actor,https://www.thefamouspeople.com/profiles/images/rod-steiger-4.jpg
April 15,Leonardo da Vinci,1452,1519,polymath,https://www.biography.com/.image/t_share/MTIwNjA4NjMzNTM4NDQ2ODYw/leonardo-da-vinci-40396-2-raw.jpg
April 16,Charlie Chaplin,1889,1977,actor,"https://images-na.ssl-images-amazon.com/images/M/MV5BNDcwMDc0ODAzOF5BMl5BanBnXkFtZTgwNTY2OTI1MDE@._V1_UX214_CR0,0,214,317_AL_.jpg"
April 17,J. P. Morgan,1837,1913,financier,https://static.wikia.nocookie.net/timeless8259/images/7/73/Real_Morgan.png/revision/latest/top-crop/width/360/height/450?cb=20170118020313
April 18,Lucrezia Borgia,1480,1519,noblewoman,https://upload.wikimedia.org/wikipedia/commons/8/8d/Lucrezia_Borgia.jpg
April 19,Jayne Mansfield,1933,1967,actress,"https://m.media-amazon.com/images/M/MV5BODkyNTczMjM1OF5BMl5BanBnXkFtZTcwMjQyNzMwNA@@._V1_UY1200_CR107,0,630,1200_AL_.jpg"
April 20,Adolf Hitler,1889,1945,German chancellor,https://cdn.britannica.com/58/129958-050-C3FE2DD2/Adolf-Hitler-1933.jpg
April 21,Catherine the Great*,1729,1796,Russian empress,https://upload.wikimedia.org/wikipedia/commons/f/f1/Catherine_II_by_J.B.Lampi_%281780s%2C_Kunsthistorisches_Museum%29.jpg
April 22,Immanuel Kant,1724,1804,philosopher,https://upload.wikimedia.org/wikipedia/commons/thumb/f/f2/Kant_gemaelde_3.jpg/220px-Kant_gemaelde_3.jpg
April 23,Shirley Temple,1928,2014,child actress,https://static01.nyt.com/images/2013/12/07/arts/Temple-Shirley-Adv-Obit-slide-NPED/Temple-Shirley-Adv-Obit-slide-NPED-master1050-v2.jpg
April 24,Pétain Philippe,1856,1951,French general,https://upload.wikimedia.org/wikipedia/commons/b/bc/P%C3%A9tain_-_Portrait_photographique_1941.jpg
April 25,Pyotr Ilyich Tchaikovsky*,1840,1893,composer,https://cdn.britannica.com/s:300x300/29/70029-004-74AD88C3/Pyotr-Ilyich-Tchaikovsky-St-Petersburg-Russia-1887.jpg
April 26,Ludwig Wittgenstein,1889,1951,philosopher,https://www.prospectmagazine.co.uk/content/uploads/1999/07/Ludwig_Wittgenstein.jpg
April 27,Ulysses S. Grant,1822,1885,US president and general,https://upload.wikimedia.org/wikipedia/commons/thumb/7/75/Ulysses_S_Grant_by_Brady_c1870-restored.jpg/1200px-Ulysses_S_Grant_by_Brady_c1870-restored.jpg
April 28,Saddam Hussein**,1937,2006,Iraqi president,https://www.biography.com/.image/ar_1:1%2Cc_fill%2Ccs_srgb%2Cg_face%2Cq_auto:good%2Cw_300/MTE1ODA0OTcxNjY3Nzg1MjI5/saddam-hussein-9347918-1-402.jpg,0.7
April 29,Hirohito,1901,1989,Japanese emperor,https://static01.nyt.com/images/2018/08/25/world/25japan-print/merlin_9621004_7cba8b1b-ad6a-4bef-afa4-5d9acf8d5cd1-articleLarge.jpg?quality=75&auto=webp&disable=upscale
April 30,Carl Friedrich Gauss,1777,1855,mathematician,https://upload.wikimedia.org/wikipedia/commons/thumb/e/ec/Carl_Friedrich_Gauss_1840_by_Jensen.jpg/330px-Carl_Friedrich_Gauss_1840_by_Jensen.jpg

May 1,Duke of Wellington,1769,1852,British PM and general,https://collectionimages.npg.org.uk/large/mw06652/Arthur-Wellesley-1st-Duke-of-Wellington.jpg
May 2,Red Baron,1892,1918,flying ace,https://upload.wikimedia.org/wikipedia/commons/1/11/Manfred_von_Richthofen.jpg
May 3,Niccolò Machiavelli,1469,1527,diplomat,https://www.biography.com/.image/t_share/MTE5NDg0MDU1MDQ5MzA3NjYz/niccolo-machiavelli-9392446-1-402.jpg
May 4,Audrey Hepburn,1929,1993,actress,https://doyouremember.com/wp-content/uploads/2017/05/Audrey.jpg
May 5,Karl Marx,1818,1883,philosopher,https://upload.wikimedia.org/wikipedia/commons/f/fc/Karl_Marx.jpg
May 6,Sigmund Freud,1856,1939,psychoanalyst,http://cdn.history.com/sites/2/2015/04/hith-10-things-sigmund-freud-501585595-E.jpeg
May 7,Eva Perón,1919,1952,Argentine first lady,https://wp.las.iastate.edu/cattcenter-awpc/wp-content/uploads/sites/138/2017/08/Eva-Peron2.jpg
May 8,Harry S. Truman,1884,1972,US president,https://www.history.com/.image/c_fill%2Ccs_srgb%2Cfl_progressive%2Ch_400%2Cq_auto:good%2Cw_620/MTU3ODc5MDg0NTUxMzgyMzQ1/harry_truman.jpg
May 9,John Brown,1800,1859,abolitionist,https://cdn.britannica.com/92/127692-050-388A0F06/John-Brown-daguerreotype-1856.jpg
May 10,Fred Astaire,1899,1987,entertainer,https://upload.wikimedia.org/wikipedia/commons/6/69/Astaire%2C_Fred_-_Never_Get_Rich.jpg
May 11,Salvador Dalí,1904,1989,surrealist,https://dam-13749.kxcdn.com/wp-content/uploads/2017/09/maxresdefault.jpg
May 12,Katharine Hepburn,1907,2003,actress,https://upload.wikimedia.org/wikipedia/commons/0/08/Katharine_Hepburn_promo_pic.jpg
May 13,Carl Linnaeus*,1707,1778,taxonomist,https://vignette.wikia.nocookie.net/opiliones/images/d/de/847px-Carl_von_Linn%C3%A9.jpg/revision/latest/scale-to-width-down/340?cb=20130427174652
May 14,Bobby Darin,1936,1973,singer,https://upload.wikimedia.org/wikipedia/commons/7/7a/Bobby_Darin_1959.JPG
May 15,L. Frank Baum,1856,1919,author,https://upload.wikimedia.org/wikipedia/commons/thumb/6/69/L._Frank_Baum_%281911%29.jpg/800px-L._Frank_Baum_%281911%29.jpg
May 16,Liberace,1919,1987,entertainer,https://www.notrecinema.com/images/usercontent/star/-liberace-photo_76881_39366.jpg
May 17,Dennis Hopper,1936,2010,actor-director,https://www.goldderby.com/wp-content/uploads/2019/05/The-Last-Movie.jpg
May 18,John Paul II,1920,2005,pope,https://i.pinimg.com/736x/51/4d/75/514d754977a51630623517c73e32cf78.jpg,0.1
May 19,Malcolm X,1925,1965,civil rights activist,https://upload.wikimedia.org/wikipedia/commons/thumb/4/49/Malcolm-x.jpg/800px-Malcolm-x.jpg
May 20,James Stewart,1908,1997,actor,https://upload.wikimedia.org/wikipedia/commons/thumb/e/e8/Annex_-_Stewart%2C_James_%28Call_Northside_777%29_01.jpg/1200px-Annex_-_Stewart%2C_James_%28Call_Northside_777%29_01.jpg
May 21,Notorious B.I.G.,1972,1997,rapper,https://lh3.googleusercontent.com/proxy/PyGY5kPaJK_UhkpncJLW4BCwQQW0RRae3Ax2aommX8UTLp9fszN2mQxfr1XxTeoetTEk0JDB3RCRDvS8V_afhcc9dEyhJ1tpviVnM1cVn0KSarTtIQYuDX7Rp8BJHjFaN8SSxaQ
May 22,Richard Wagner,1813,1883,composer,https://upload.wikimedia.org/wikipedia/commons/b/b6/Richard_Wagner_by_Caesar_Willich_ca_1862.jpg
May 23,Martin McGuinness,1950,2017,Irish republican,https://www.arabnews.com/sites/default/files/styles/n_670_395/public/2017/03/21/876746-2000328949.jpg?itok=7WPUBHrR
May 24,Victoria,1819,1901,British queen,https://upload.wikimedia.org/wikipedia/commons/e/e3/Queen_Victoria_by_Bassano.jpg
May 25,Ralph Waldo Emerson,1803,1882,essayist,https://cdn.britannica.com/38/201938-050-CDD2DF3F/Ralph-Waldo-Emerson-American-author-engraving.jpg,0
May 26,John Wayne,1907,1979,actor,https://cdn.britannica.com/82/136182-050-6BB308B7/John-Wayne.jpg
May 27,Christopher Lee,1922,2015,actor,https://static.wikia.nocookie.net/lotr/images/c/cd/Sir_Christopher_Lee.jpg/revision/latest?cb=20130119110914
May 28,Ian Fleming,1908,1964,author,https://cdn.britannica.com/60/176960-050-6676378E/Ian-Fleming.jpg
May 29,John F. Kennedy,1917,1963,US president,https://upload.wikimedia.org/wikipedia/commons/thumb/c/c3/John_F._Kennedy%2C_White_House_color_photo_portrait.jpg/1200px-John_F._Kennedy%2C_White_House_color_photo_portrait.jpg
May 30,Peter the Great*,1672,1725,Russian emperor,https://thumbs-prod.si-cdn.com/i-3LZKwzNwECUGnryG_Kt_KjiPo=/800x600/filters:no_upscale():focal(416x178:417x179)/https://public-media.si-cdn.com/filer/19/ec/19ec2712-c520-4e9f-ad37-0f3b5a19a3ec/peter_der-grosse_1838.jpg
May 31,Walt Whitman,1819,1892,poet,https://cdn.britannica.com/80/26880-050-CEB5F414/Walt-Whitman-photograph-Mathew-Brady.jpg

June 1,Marilyn Monroe,1926,1962,actress,https://www.discoverlosangeles.com/sites/default/files/styles/hero/public/images/2019-02/Marilyn%20Monroe%20Seven%20Year%20Itch.jpg?itok=qMZArgmr
June 2,Marquis de Sade,1740,1814,libertine,https://i.pinimg.com/originals/3c/a0/6a/3ca06ad64b5cf419b253162d1811f941.png
June 3,George V,1865,1936,British king,https://static.wikia.nocookie.net/kaiserreich/images/1/13/King_George_V.jpeg/revision/latest?cb=20190323161137
June 4,Carl Gustaf Emil Mannerheim,1867,1951,Finnish general,https://i.imgur.com/w3DH423.jpg
June 5,John Maynard Keynes,1883,1946,economist,https://collectionimages.npg.org.uk/large/mw179587/John-Maynard-Keynes-Baron-Keynes.jpg
June 6,Thomas Mann,1875,1955,author,https://www.artnet.com/WebServices/images/ll04484lld74eGFg8GECfDrCWvaHBOcXenC/john-graudenz-portrait-of-thomas-mann-(+-3-others;-4-works).jpg
June 7,Prince,1958,2016,singer-songwriter,https://imageproxy.themaven.net//https%3A%2F%2Fwww.history.com%2F.image%2FMTYzMTA4MjMyMTk2MjY5ODQx%2Fprince-gettyimages-74290175.jpg
June 8,Frank Lloyd Wright,1867,1959,architect,https://upload.wikimedia.org/wikipedia/commons/thumb/9/99/Frank_Lloyd_Wright_LC-USZ62-36384.jpg/200px-Frank_Lloyd_Wright_LC-USZ62-36384.jpg
June 9,Les Paul,1915,2009,guitarist,https://static01.nyt.com/images/2009/08/13/obituaries/13cnd-lespaul2.ready/13cnd-lespaul2.ready-superJumbo-v2.jpg
June 10,Judy Garland,1922,1969,actress,https://www.refinery29.com/images/8455468.jpg?format=webp&width=720&height=864&quality=85
June 11,Gene Wilder,1933,2016,actor,https://variety.com/wp-content/uploads/2014/06/gene-wilder-dead.jpg?w=1024
June 12,Anne Frank,1929,1945,Holocaust victim,https://annefrank.freetls.fastly.net/media/filer_public_thumbnails/filer_public/8b/c0/8bc0d1ba-754a-46b5-9ecb-09933e4d323a/anne-frank-hoofdpersonen-header.jpg__1280x1280_q85_crop_subsampling-2_upscale.jpg
June 13,John Forbes Nash,1928,2015,mathematician,https://cdn.britannica.com/55/199355-050-A5B77EDB/John-Nash-2007.jpg
June 14,Che Guevara,1928,1967,revolutionary,https://upload.wikimedia.org/wikipedia/commons/thumb/5/58/CheHigh.jpg/1200px-CheHigh.jpg
June 15,Edvard Grieg,1843,1907,composer,"https://m.media-amazon.com/images/M/MV5BOTU3OTE3NTMtOWUwMi00ZTlmLThmNTYtMDAzMTc2Mjc0MTU4XkEyXkFqcGdeQXVyMjUyNDk2ODc@._V1_UY1200_CR160,0,630,1200_AL_.jpg"
June 16,Tupac Shakur,1971,1996,rapper,https://ae01.alicdn.com/kf/HTB1MfE0NXXXXXbVaXXXq6xXFXXXp/2Pac-font-b-Tupac-b-font-Amaru-Shakur-Hip-Hop-Rap-Music-Art-Huge-Print-font.jpg
June 17,M. C. Escher,1898,1972,graphic artist,https://d16kd6gzalkogb.cloudfront.net/magazine_images/Portrait-M.C.-Escher.jpg,0.35
June 18,Anastasia,1901,1918,Russian Grand Duchess,https://www.medicalbag.com/wp-content/uploads/sites/19/2019/01/anastasia-rominov.jpg,0.3
June 19,James VI and I,1566,1625,British king,https://static.wikia.nocookie.net/reighnthehumanwars/images/f/f2/King_James_VI_and_I.jpg/revision/latest/scale-to-width-down/1000?cb=20170612162800
June 20,Errol Flynn,1909,1959,actor,https://www.creativetourist.com/app/uploads/2020/02/78cf3523b2a7f17eb15cf269e5d250ac.jpg,0.6
June 21,Benazir Bhutto,1953,2007,Pakistani PM,https://i.pinimg.com/originals/31/ae/df/31aedf71733b0785dc50b18735ff2c32.jpg
June 22,Billy Wilder,1906,2002,filmmaker,https://screencraft.org/wp-content/uploads/2014/09/Billy-Wilder.jpg
June 23,Alan Turing,1912,1954,computing pioneer,https://blogs.3ds.com/perspectives/wp-content/uploads/sites/22/alan-turing-photo.jpg
June 24,Jack Dempsey,1895,1983,boxer,https://boxrec.com/media/images//6/6c/Dempsey.Jack17.jpg
June 25,George Michael,1963,2016,singer-songwriter,https://news.artnet.com/app/news-upload/2019/03/%C2%A9-Rankin.png
June 26,Salvador Allende,1908,1973,Chilean president,https://alphahistory.com/coldwar/wp-content/uploads/2013/03/allende.jpeg
June 27,Helen Keller,1880,1968,author and educator,https://cdn.britannica.com/72/142272-050-12F9270F/Helen-Keller-1904.jpg
June 28,Jean-Jacques Rousseau,1712,1778,philosopher,https://upload.wikimedia.org/wikipedia/commons/thumb/b/b7/Jean-Jacques_Rousseau_%28painted_portrait%29.jpg/1200px-Jean-Jacques_Rousseau_%28painted_portrait%29.jpg
June 29,Antoine de Saint-Exupéry,1900,1944,author and aviator,https://www.sampleposts.com/wp-content/uploads/2020/05/antoine-de-saint-exupery.jpg,0.9
June 30,Lena Horne,1917,2010,singer,https://img.timeinc.net/time/2010/farewells_2010/horne.jpg

July 1,Diana,1961,1997,Princess of Wales,"https://scontent-lht6-1.xx.fbcdn.net/v/t1.0-9/34872855_184683968859641_792742738255675392_o.jpg?_nc_cat=111&ccb=3&_nc_sid=8bfeb9&_nc_ohc=gi2Mc9vFiQMAX-NtRdN&_nc_ht=scontent-lht6-1.xx&oh=35cc4a9cb1aba39fb00ba1fa5cca420b&oe=604C64A0"
July 2,Patrice Lumumba,1925,1961,Congolese PM,https://cdn.britannica.com/35/146735-131-A32336AF/lawyers-Belgian-officials-war-crimes-charges-military-officers-January-1961.jpg
July 3,Franz Kafka,1883,1924,novelist,https://upload.wikimedia.org/wikipedia/commons/d/d3/Franz_Kafka_1917.jpg
July 4,Giuseppe Garibaldi,1807,1882,Italian general,https://www.onthisday.com/images/people/giuseppe-garibaldi-medium.jpg
July 5,P. T. Barnum,1810,1897,showman,https://upload.wikimedia.org/wikipedia/commons/8/8b/PT_Barnum_1851-crop.jpg
July 6,Frida Kahlo,1907,1954,painter,https://cdn.abcotvs.com/dip/images/6101111_041320-kgo-ov-coronavirus-de-young-vid.jpg?w=1600
July 7,Gustav Mahler,1860,1911,composer,https://www.mfiles.co.uk/composers/mahler-picture-big.jpg
July 8,John D. Rockefeller,1839,1937,business magnate,https://upload.wikimedia.org/wikipedia/commons/6/6f/John_D._Rockefeller_1885.jpg
July 9,Edward Heath,1916,2005,British PM,https://ichef.bbci.co.uk/news/624/cpsprodpb/7F65/production/_84931623_84931622.jpg
July 10,Nikola Tesla,1856,1943,inventor,http://bsmedia.business-standard.com/_media/bs/img/article/2018-01/04/full/1515038288-651.jpg
July 11,Yul Brynner,1920,1985,actor,https://upload.wikimedia.org/wikipedia/commons/3/39/Yul_Brynner_Anna_and_the_King_television_1972.JPG
July 12,Julius Caesar,100 BC,44 BC,Roman general,https://cdn.britannica.com/11/196711-050-FA58D50D/Julius-Caesar-marble-sculpture-Andrea-di-Pietro.jpg
July 13,John Dee,1527,1608/09,political advisor,https://i.guim.co.uk/img/media/f1983673e35bd524dee69da2ed02cee58a231b0f/0_347_2205_1322/master/2205.jpg?width=1200&height=1200&quality=85&auto=format&fit=crop&s=ac7948951988b00927bad0370cc342f9
July 14,Gustav Klimt,1862,1918,painter,https://blog.singulart.com/wp-content/uploads/2019/09/Gustav-Klimt-Drawings.jpg
July 15,Rembrandt,1606,1669,painter,https://upload.wikimedia.org/wikipedia/commons/thumb/b/bd/Rembrandt_van_Rijn_-_Self-Portrait_-_Google_Art_Project.jpg/220px-Rembrandt_van_Rijn_-_Self-Portrait_-_Google_Art_Project.jpg
July 16,Roald Amundsen,1872,1928,polar explorer,https://cdn.britannica.com/78/13478-050-B4EB6933/Roald-Amundsen-1923.jpg
July 17,James Cagney,1899,1986,actor,https://resizing.flixster.com/vg9u_vcjKe_u9k__4CHRS5fLUOY=/506x652/v2/https://flxt.tmsimg.com/v9/AllPhotos/71929/71929_v9_ba.jpg
July 18,Nelson Mandela,1918,2013,South African president,"https://res.cloudinary.com/dk-find-out/image/upload/q_80,w_1920,f_auto/A-Corbis-TL007642_brkxd1.jpg"
July 19,Edgar Degas,1834,1917,painter,https://www.theflorentine.net/wp-content/uploads/2020/02/oPB8hXFi4z5orXOoKxQ8mDzJnCc-680x854.jpg
July 20,Gregor Mendel,1822,1884,geneticist,https://render.fineartamerica.com/images/rendered/default/poster/8/10/break/images-medium-5/gregor-mendel-american-philosophical-society.jpg
July 21,Ernest Hemingway,1891,1961,writer,https://studybreaks.com/wp-content/uploads/2019/09/hemingway-e1568254410986.jpg
July 22,Edward Hopper,1882,1967,painter,"https://artlogic-res.cloudinary.com/w_1200,c_limit,f_auto,fl_lossy,q_auto/ws-galerieboulakia/usr/images/artists/artist_image/items/de/de918036e78844f6b58f7178e4cd30c3/capture-d-cran-2020-03-11-11.56.54.png"
July 23,Haile Selassie,1892,1975,Ethiopian emperor,"https://lh3.googleusercontent.com/proxy/lX4Kk9dhnj8ojjVUATaNkFhtCafbNVEIvoorxQzpNBG5fPn5VGuWLiuLz9wU16q4x64emRD8tu9BFzxDezrqceYHeDyzlu0ZeuFyb-zkt_LYFgOKA-8QRee2dDWPNUvbz4AyFASkXC3WNvBxnQu2WPO80wBq3G6dq9_99bOqmQ"
July 24,Simón Bolívar,1783,1830,Liberator,https://cdnuploads.aa.com.tr/uploads/Contents/2019/07/24/thumbs_b_c_a7cbd53a19600300f17f4dbd215f0741.jpg?v=105212
July 25,Rosalind Franklin,1920,1958,chemist,https://cdn.britannica.com/30/99730-050-E68F62FF/Rosalind-Franklin.jpg
July 26,Stanley Kubrick,1928,1999,film director,https://i.guim.co.uk/img/media/dbc4567095cf14fd22a0427debbe422e2ed2f99c/0_234_2600_1560/master/2600.jpg?width=1200&height=900&quality=85&auto=format&fit=crop&s=867988105a0cd8f2857f7a1810844a94
July 27,Gary Gygax,1938,2008,game designer,https://media.wired.com/photos/593381db58b0d64bb35d5c71/master/pass/ff_gygax_f.jpg
July 28,Hugo Chávez,1954,2013,Venezuelan president,https://im-media.voltron.voanews.com/Drupal/01live-166/styles/sourced/s3/2019-04/CAD562A4-0675-4CC8-B862-C30A703D7B09.jpg
July 29,Benito Mussolini,1883,1945,Italian duce,https://i.dailymail.co.uk/i/pix/2013/01/02/article-0-0B569A9D00000578-719_306x427.jpg
July 30,Henry Ford,1863,1947,industrialist,https://upload.wikimedia.org/wikipedia/commons/1/18/Henry_ford_1919.jpg
July 31,Milton Friedman,1912,2006,economist,https://static01.nyt.com/images/2020/09/10/magazine/TK-specialsection-business/TK-specialsection-business-articleLarge.jpg

August 1,Jerry Garcia,1942,1995,singer-guitarist,https://api.time.com/wp-content/uploads/2015/08/garcia.jpeg?quality=85&w=532&h=628&crop=1
August 2,Peter O'Toole,1932,2013,actor,https://cdn.britannica.com/23/194723-050-09BB6992/Peter-OToole-Lawrence-of-Arabia-David-Lean.jpg
August 3,Dolores del Río,1904,1983,actress,"https://cdn.vox-cdn.com/thumbor/1pNUS6m4vNBikPsiMrLc52Ctqo0=/0x0:648x594/1400x1400/filters:focal(228x176:330x278):format(jpeg)/cdn.vox-cdn.com/uploads/chorus_image/image/56035139/Dolores_del_Ri_o_in_1933.0.jpg"
August 4,Louis Armstrong,1901,1971,jazz musician,"https://media1.s-nbcnews.com/j/newscms/2020_17/3315466/200420-louis-armstrong-cs-1251p_8c6a779fa1d93accac6ad0e7cf20be45.nbcnews-fp-1024-512.jpg",0.7
August 5,Neil Armstrong,1930,2012,astronaut,https://upload.wikimedia.org/wikipedia/commons/5/5d/Neil_Armstrong_pose_%28cropped%29.jpg
August 6,Andy Warhol,1928,1987,artist,https://images.masterworksfineart.com/artist/andy-warhol/Warhol.jpg
August 7,Elizabeth Báthory,1560,1614,serial killer,https://cdn.britannica.com/75/196775-050-C2F5887F/Elizabeth-Bathory.jpg
August 8,Paul Dirac,1902,1984,physicist,https://images.wsj.net/im-222842?width=620&size=1
August 9,Whitney Houston,1963,2012,singer,https://upload.wikimedia.org/wikipedia/commons/a/a7/Whitney_Houston_Welcome_Home_Heroes_1_cropped.jpg
August 10,Herbert Hoover,1874,1964,US president,https://www.whitehouse.gov/wp-content/uploads/2021/01/31_herbert_hoover.jpg
August 11,Enid Blyton,1897,1968,children's writer,https://www.onthisday.com/images/people/enid-blyton-medium.jpg
August 12,Erwin Schrödinger,1887,1961,physicist,https://www.onthisday.com/images/people/erwin-schrodinger-medium.jpg
August 13,Alfred Hitchcock,1899,1980,film director,https://www.biography.com/.image/t_share/MTgwMzQ0NDk0MDMyNDMwOTU2/gettyimages-515984042.jpg
August 14,James Horner,1953,2015,film composer,https://upload.wikimedia.org/wikipedia/commons/9/9f/James-horner-07.jpg
August 15,Napoleon Bonaparte,1769,1821,French emperor,https://www.onthisday.com/images/people/napoleon-bonaparte-medium.jpg
August 16,Lawrence of Arabia,1888,1935,archaeologist,"https://i.guim.co.uk/img/media/8aa2dee87934be58c0c3fbda204aa170edbe6696/21_63_2170_1302/master/2170.jpg?width=700&quality=85&auto=format&fit=max&s=1212743f3d93c82e0ef117e88b0a46ad"
August 17,Marcus Garvey,1887,1940,political activist,https://cdn.britannica.com/66/766-050-FFA3B798/Marcus-Garvey-1922.jpg
August 18,Patrick Swayze,1952,2009,actor,https://www.gannett-cdn.com/presto/2019/08/13/USAT/85bd4a27-2704-434f-b99f-d50bb6bfa420-swayze1.jpg
August 19,Coco Chanel,1883,1971,fashion designer,https://static.dw.com/image/17459921_303.jpg
August 20,H. P. Lovecraft,1890,1937,horror author,https://upload.wikimedia.org/wikipedia/commons/1/10/H._P._Lovecraft%2C_June_1934.jpg
August 21,Wilt Chamberlain,1936,1999,basketball player,https://tomashnetworth.com/wp-content/uploads/2017/12/wiltchamberlainjpeg-1512827115pl4c8-700x851.jpg
August 22,Claude Debussy,1862,1918,composer,https://upload.wikimedia.org/wikipedia/en/b/b4/Claude_Debussy_atelier_Nadar.jpg
August 23,Kobe Bryant,1978,2020,basketball player,"https://dynaimage.cdn.cnn.com/cnn/c_fill,g_auto,w_1200,h_675,ar_16:9/https%3A%2F%2Fcdn.cnn.com%2Fcnnnext%2Fdam%2Fassets%2F200824175931-kobe-bryant-file.jpg"
August 24,Yasser Arafat,1929,2004,Palestinian leader,https://cdn.britannica.com/57/75557-050-78C29287/Yasser-Arafat.jpg
August 25,Ivan the Terrible,1530,1584,Russian emperor,https://images.saymedia-content.com/.image/t_share/MTc2Mzg5NTE1MDA1NDA0MzMz/the-8-wives-of-ivan-the-terrible.jpg
August 26,Mother Teresa,1910,1997,missionary,"http://t0.gstatic.com/licensed-image?q=tbn:ANd9GcSKRDZSJjs-NWGJC1sD1o634i2kP42OB1eEo72Z4eWIV4yS_ASMEnXs03Ay3Xm3"
August 27,Lyndon B. Johnson,1908,1973,US president,"https://cdn.britannica.com/s:800x450,c:crop/34/172734-138-925A0AFE/overview-Lyndon-B-Johnson.jpg",0.8
August 28,Johann Wolfgang von Goethe,1749,1832,writer,https://en.qantara.de/sites/default/files/styles/slideshow_wide/public/uploads/2015/06/25/goetheundderorient.jpg?itok=ahHeRLuZ
August 29,Michael Jackson,1958,2009,singer-songwriter,"https://static.independent.co.uk/s3fs-public/thumbnails/image/2020/03/30/12/shutterstock-editorial-138187a.jpg?width=982&height=726&auto=webp&quality=75"
August 30,Mary Shelley,1797,1851,novelist,"https://www.thoughtco.com/thmb/rLXFgS4V0vcOb_iuoqSGXUlZBuM=/2608x2608/smart/filters:no_upscale()/GettyImages-599958329-1bf5a3d1c2204eddb9ced96f16723860.jpg"
August 31,Commodus,161,192,Roman emperor,https://headstuffuploads.s3.amazonaws.com/2019/03/29214414/commodus_banner.jpg

September 1,Rocky Marciano,1923,1969,boxer,https://static.wikia.nocookie.net/ippo/images/1/1a/Rocky_Marciano.png/revision/latest?cb=20200414120539
September 2,Billy Preston,1946,2006,musician,https://bingeddata.s3.amazonaws.com/uploads/2020/12/billy-preston.jpg
September 3,Whitey Bulger,1929,2018,crime boss,https://cdn.britannica.com/99/200799-050-E3F480E9/Mug-shot-Whitey-Bulger-2011.jpg
September 4,Anton Bruckner,1824,1896,composer,https://static.qobuz.com/images/artists/covers/medium/f9559bad000296fe8d6ccb6bdff5f56b.jpg
September 5,Freddie Mercury,1946,1991,singer-songwriter,https://media.apnarm.net.au/media/images/2018/10/24/imagev19ad7d458a44d1af8f6dfeda0f1fd0eb6-67gwwj38cojd07c86r2_t1880.jpg
September 6,Marquis de Lafayette,1757,1834,military officer,"https://www.history.com/.image/ar_16:9%2Cc_fill%2Ccs_srgb%2Cfl_progressive%2Cg_faces:center%2Cq_auto:good%2Cw_768/MTU3OTIzNTc5ODgwMjg2MTU4/10-things-you-may-not-know-about-the-marquis-de-lafayettes-featured-photo.jpg"
September 7,Elizabeth I,1533,1603,English queen,https://www.biography.com/.image/ar_1:1%2Cc_fill%2Ccs_srgb%2Cfl_progressive%2Cq_auto:good%2Cw_1200/MTYyNzM4Nzg4MjM2MjczNTA2/queen-elizabeth-i-photo-by-ann-ronan-picturesprint-collectorgetty-images.jpg
September 8,Avicii,1989,2018,DJ,https://www.nme.com/wp-content/uploads/2018/04/Avicii.jpg
September 9,Colonel Sanders,1890,1980,businessman,https://images.squarespace-cdn.com/content/5c3009b885ede13d98b5df41/1569875931505-QZCKOGI2NPQ6H2NQ3AT6/colonel-sanders.0.0.jpg?content-type=image%2Fjpeg
September 10,Karl Lagerfeld,1933,2019,fashion designer,https://s3-eu-west-1.amazonaws.com/emap-nibiru-prod/wp-content/uploads/sites/2/2019/02/24144730/karl-lagerfeld-1.jpg
September 11,Ferdinand Marcos,1917,1989,Filipino president,https://upload.wikimedia.org/wikipedia/commons/6/64/Ferdinand_Marcos_%28cropped%29.JPEG
September 12,Jesse Owens,1913,1980,sprinter,https://upload.wikimedia.org/wikipedia/commons/1/19/Jesse_Owens_1936.jpg
September 13,Roald Dahl,1916,1990,childrens' author,https://www.biography.com/.image/ar_1:1%2Cc_fill%2Ccs_srgb%2Cg_face%2Cq_auto:good%2Cw_300/MTQxNDAyNjQ0MzAzMzI1MDc0/roald_dahl_getty_images_tony_evansgetty_images_108874289_croppedjpg.jpg
September 14,Amy Winehouse,1983,2011,singer-songwriter,https://www.irishtimes.com/polopoly_fs/1.2271309.1435853690!/image/image.jpg_gen/derivatives/landscape_620/image.jpg
September 15,Agatha Christie,1890,1976,novelist,https://m.media-amazon.com/images/M/MV5BMTU3OTYzMzY4NV5BMl5BanBnXkFtZTcwMDIxOTIyOA@@._V1_.jpg
September 16,Lauren Bacall,1924,2014,actress,https://static01.nyt.com/images/2014/08/13/arts/13bacall-obit-ss-slide-79CJ/13bacall-obit-ss-slide-79CJ-superJumbo-v2.jpg
September 17,Hank Williams,1923,1953,country singer,https://upload.wikimedia.org/wikipedia/commons/6/62/Hank_Williams_Promotional_Photo.jpg
September 18,Greta Garbo,1905,1990,actress,https://s3.amazonaws.com/holdenluntz.com/wp-content/uploads/20200625151555/george-hurrell_greta-garbo-1.jpeg
September 19,Adam West,1928,2017,actor,https://i.guim.co.uk/img/media/7e1a4b87212357bb207965f3751a2b244fd05bb9/156_7_2096_1257/master/2096.jpg?width=1200&height=1200&quality=85&auto=format&fit=crop&s=39fc2beb7fc50444cc880269c52945dc
September 20,Upton Sinclair,1878,1968,writer,http://img.timeinc.net/time/photoessays/2010/top10_celeb_pol/upton_sinclair.jpg
September 21,Leonard Cohen,1934,2016,singer-songwriter,"https://media.newyorker.com/photos/59097aa9c14b3c606c1092ae/2:2/w_1827,h_1827,c_limit/161017_remnick161017_07.jpg"
September 22,Michael Faraday,1791,1867,scientist,"http://t2.gstatic.com/licensed-image?q=tbn:ANd9GcSjkVRfza-hi4gaLc8NDpv16Csvrt1kKWvAl7zr1_UyuxrmBUWE2e1aueibQu6y"
September 23,Augustus,63 BC,AD 14,emperor,https://static.wikia.nocookie.net/althistory/images/3/36/Augustus_of_Rome.jpg/revision/latest?cb=20170506061655
September 24,Jim Henson,1936,1990,muppeteer,"https://lh3.googleusercontent.com/proxy/-8E1wOkq0caNPA-oxQEuvwU-0gtXB8XcVqOzIsoITJV7RIM0KAgwE2EdWaqjUEIkCnUSciMvH9r1cK1nmYJ_y2oqp7a9Wvu9lzCsf90jTkzVagTiMg"
September 25,Christopher Reeve,1952,2004,actor,https://www.aruma.com.au/wp-content/uploads/2018/10/christopher-Reeve-blog-main-image.jpg.webp
September 26,T. S. Eliot,1888,1965,poet,https://standpointmag.co.uk/wp-content/uploads/2020/05/features-eliot.jpg
September 27,Cosimo de' Medici,1389,1464,banker,https://upload.wikimedia.org/wikipedia/commons/f/fa/Cosimo_di_Medici_%28Bronzino%29.jpg
September 28,Georges Clemenceau,1841,1929,French premier,https://upload.wikimedia.org/wikipedia/commons/c/c7/Georges_Clemenceau_par_Nadar.jpg
September 29,Horatio Nelson,1758,1805,British admiral,https://upload.wikimedia.org/wikipedia/commons/thumb/7/72/HoratioNelson1.jpg/800px-HoratioNelson1.jpg
September 30,Truman Capote,1924,1984,writer,https://upload.wikimedia.org/wikipedia/commons/3/31/Truman_Capote_by_Jack_Mitchell.jpg

October 1,Richard Harris,1930,2002,actor,https://img.cinemablend.com/quill/9/2/9/b/b/6/929bb62f9f38f5059770a54c5988048a848356c9.jpg
October 2,Mahatma Gandhi,1869,1948,Indian nationalist leader,https://cdn.dnaindia.com/sites/default/files/styles/full/public/2021/01/30/953844-gandhimahatma.jpg,0.6
October 3,Stevie Ray Vaughan,1954,1990,guitarist,https://townsquare.media/site/295/files/2014/08/Annamaria-DiSanto-Getty-Im.jpg
October 4,Charlton Heston,1923,2008,actor-activist,https://miro.medium.com/max/2546/1*lVlE5RWjyaEcsvWSQINlVA.png
October 5,Ray Kroc,1902,1984,businessman,https://www.thefranchiseking.com/wp-content/uploads/ray-kroc-wikispaces-0427_18innova.jpg
October 6,Le Corbusier,1887,1965,architect,https://42ndblackwatch1881.files.wordpress.com/2009/04/corbusier_585x350_400240a.jpg
October 7,Niels Bohr,1885,1962,physicist,https://upload.wikimedia.org/wikipedia/commons/6/6d/Niels_Bohr.jpg
October 8,Juan Perón,1895,1974,Argentine leader,https://upload.wikimedia.org/wikipedia/commons/c/ca/Juan_Per%C3%B3n_1946.jpg
October 9,John Lennon,1940,1980,musician,http://i.dailymail.co.uk/i/pix/2014/10/08/1412786766612_wps_41_John_Lennon_of_The_Beatle.jpg
October 10,Thelonious Monk,1917,1982,jazz musician,https://cdn.britannica.com/65/2765-004-B51563FD/Thelonious-Monk.jpg
October 11,Eleanor Roosevelt,1884,1962,US first lady,https://cdn.britannica.com/78/19578-050-E720BE72/Eleanor-Roosevelt-1950.jpg
October 12,Luciano Pavarotti,1935,2007,opera singer,https://bostonglobe-prod.cdn.arcpublishing.com/resizer/yC3eBKx9Q8DUlv4rjdxg0iRVzs4=/1440x0/arc-anglerfish-arc2-prod-bostonglobe.s3.amazonaws.com/public/AWZYRNUC4UI6TOCQJ55XSOEIQM.jpg
October 13,Margaret Thatcher,1925,2013,British PM,http://thelegacyproject.co.za/wp-content/uploads/2015/04/margaret-thatcher.jpg
October 14,Dwight D. Eisenhower,1890,1969,US President,https://upload.wikimedia.org/wikipedia/commons/6/63/Dwight_D._Eisenhower%2C_official_photo_portrait%2C_May_29%2C_1959.jpg
October 15,Friedrich Nietzsche,1844,1900,philosopher,https://upload.wikimedia.org/wikipedia/commons/1/1b/Nietzsche187a.jpg
October 16,Oscar Wilde,1854,1900,writer,https://i.guim.co.uk/img/media/7a770bbbaaf6ca9d56022829c6d31977b1d6f646/0_261_2520_1511/master/2520.jpg?width=1200&height=1200&quality=85&auto=format&fit=crop&s=db925f9d71adde000f2fff5aca7ffb3e
October 17,Arthur Miller,1915,2005,playwright,https://upload.wikimedia.org/wikipedia/commons/3/38/Arthur-miller.jpg
October 18,Chuck Berry,1826,2017,rock and roller,https://www.biography.com/.image/t_share/MTc5ODc2OTc2NjQxNzE0MTY1/gettyimages-74254327.jpg
October 19,Divine,1945,1988,drag queen,https://imgix.bustle.com/rehost/2016/9/13/6efd131c-c4f7-40e4-9a32-7496a01e55e0.jpg?w=800&fit=crop&crop=faces&auto=format%2Ccompress
October 20,Tom Petty,1950,2017,singer-songwriter,https://encrypted-tbn1.gstatic.com/images?q=tbn:ANd9GcSOZlUhRQ9ztSB0p3oo4VkA3cUrjMj3PJvGKkbfU9M091-0pJR7
October 21,Carrie Fisher,1956,2016,actress,https://hips.hearstapps.com/esq.h-cdn.co/assets/16/52/1482861791-carrie-fisher.jpg?resize=480:*
October 22,Franz Liszt,1811,1886,composer,https://encrypted-tbn0.gstatic.com/images?q=tbn:ANd9GcRETX_T3d50rPiSaQCM5P4nyfndY76kkkVk8MKLqLpazFAgUDMd
October 23,Michael Crichton,1942,2008,author,https://upload.wikimedia.org/wikipedia/commons/a/af/MichaelCrichton_2.jpg
October 24,Antonie van Leeuwenhoek,1632,1723,painter,https://www.thefamouspeople.com/profiles/images/og-antonie-van-leeuwenhoek-6245.jpg
October 25,Pablo Picasso,1881,1973,painter,https://www.biography.com/.image/t_share/MTY2NTIzNTAyNjgwMDg5ODQy/pablo-picasso-at-his-home-in-cannes-circa-1960-photo-by-popperfoto_getty-images.jpg
October 26,Leon Trotsky*,1879,1940,Soviet revolutionary,https://i.pinimg.com/originals/92/d4/4f/92d44fba6eddf59e78718ebfe2e437d3.jpg
October 27,Theodore Roosevelt,1858,1919,US president,https://www.whitehouse.gov/wp-content/uploads/2021/01/26_theodore_roosevelt.jpg
October 28,Erasmus,1466,1536,scholar,https://storage.boijmans.nl/styles/exhibition_header/uploads/2017/07/31/V4l0wC5y6rY2eCPaIk0HVjkf6WSa4PZb1tV2sR1a.jpeg
October 29,Joseph Goebbels,1897,1945,Nazi leader,https://upload.wikimedia.org/wikipedia/commons/3/35/Bundesarchiv_Bild_146-1968-101-20A%2C_Joseph_Goebbels.jpg
October 30,Fyodor Dostoevsky*,1821,1881,novelist,https://i.guim.co.uk/img/static/sys-images/Books/Pix/pictures/2010/9/24/1285341201276/Fyodor-Dostoyevsky--006.jpg?width=300&quality=45&auto=format&fit=max&dpr=2&s=dc0091939bfaf75ef5fd2935249ce920
October 31,Chiang Kai-shek,1887,1975,Chinese president,https://cdn-live.foreignaffairs.com/sites/default/files/styles/x_large_1x/public/public-assets/images/articles/2019/09/26/chiang_kai-shekv2.png?itok=_sfah-fC

November 1,Edward Said,1935,2003,academic,https://en.qantara.de/sites/default/files/uploads/2019-10/edward_said_0.jpg,0.6
November 2,Marie Antoinette,1755,1793,French queen,http://t3.gstatic.com/licensed-image?q=tbn:ANd9GcTOz4A5bm8dToJc7cH9KhojEBp8wQ3qARf1rp7Mb0r7apYZEY4LaJzaay-83a5A
November 3,Charles Bronson,1921,2003,actor,https://media2.nekropole.info/2011/10/186171.jpg
November 4,Robert Mapplethorpe,1946,1989,photographer,https://upload.wikimedia.org/wikipedia/en/4/4c/Robert_Mapplethorpe%2C_Self-portrait%2C_1980.jpg
November 5,Vivien Leigh,1913,1967,actress,https://upload.wikimedia.org/wikipedia/commons/d/dc/Vivien_Leigh_-_Anna_Karenina.jpg
November 6,James Naismith,1861,1939,basketball inventor,https://cdn.dnaindia.com/sites/default/files/styles/full/public/2021/01/15/950146-naismith.jpg
November 7,Marie Curie,1867,1934,scientist,https://upload.wikimedia.org/wikipedia/commons/7/7e/Marie_Curie_c1920.jpg
November 8,Bram Stoker,1847,1912,author,https://www.planetadelibros.com/usuaris/autores/fotos/900002/original/900001424_1_1200px-Bram_Stoker_1906_202010232034.jpg
November 9,Carl Sagan,1934,1996,astronomer,https://media4.s-nbcnews.com/j/msnbc/Components/Photos/060502/060502_sagan2_vmed_6p.fit-760w.jpg
November 10,Martin Luther,1483,1546,priest,https://upload.wikimedia.org/wikipedia/commons/b/b7/Martin_Luther_by_Cranach-restoration.jpg
November 11,Kurt Vonnegut,1922,2007,writer,https://www.notablebiographies.com/images/uewb_10_img0706.jpg
November 12,Grace Kelly,1929,1982,actress,"https://hips.hearstapps.com/hmg-prod.s3.amazonaws.com/images/gettyimages-527186942-1573485763.jpg?crop=0.787xw:1.00xh;0.107xw,0&resize=640:*"
November 13,Saint Augustine,354,430,philosopher,https://dowym.com/wp-content/uploads/2016/05/saint-augustine.jpg
November 14,Claude Monet,1840,1926,painter,https://upload.wikimedia.org/wikipedia/commons/a/a4/Claude_Monet_1899_Nadar_crop.jpg
November 15,Georgia O'Keeffe,1887,1986,artist,https://upload.wikimedia.org/wikipedia/commons/thumb/b/b4/O%27Keeffe-%28hands%29.jpg/800px-O%27Keeffe-%28hands%29.jpg
November 16,Tiberius,42 BC,AD 37,Roman emperor,https://upload.wikimedia.org/wikipedia/commons/1/17/Tiberius_NyCarlsberg01.jpg
November 17,Jeff Buckley,1966,1997,singer-songwriter,https://nilsendavid.files.wordpress.com/2017/12/jeff-1.jpg
November 18,Alan Shepard,1923,1998,astronaut,https://m.media-amazon.com/images/M/MV5BMzU5ZjUzYTgtZGQ3Yy00YWQ0LTgyMzUtZjlmMzYyNDU0ZTk5XkEyXkFqcGdeQXVyNjUxMjc1OTM@._V1_.jpg
November 19,Indira Gandhi,1917,1984,Indian PM,https://www.sundayguardianlive.com/wp-content/uploads/2020/08/indira_gandhi.jpg,1
November 20,Robert Kennedy,1925,1968,US politician,https://www.amny.com/wp-content/uploads/2014/06/Robert_F_Kennedy_crop.jpg
November 21,Voltaire,1694,1778,philospher,https://www.theschooloflife.com/thebookoflife/wp-content/uploads/2016/04/Dapre%cc%80s_Maurice_Quentin_de_La_Tour_Portrait_de_Voltaire_de%cc%81tail_du_visage_cha%cc%82teau_de_Ferney.jpg
November 22,Charles de Gaulle,1890,1970,French general,https://nostalgiacentral.com/wp-content/uploads/2014/06/degaulle3.jpg
November 23,Boris Karloff,1887,1969,actor,https://s.hdnux.com/photos/63/30/00/13467700/5/rawImage.jpg
November 24,Baruch Spinoza,1632,1677,philosopher,https://i.pinimg.com/originals/6d/8b/53/6d8b53d205b40f78840ce085bb378985.jpg
November 25,Augusto Pinochet,1915,2006,Chilean dictator,https://www.history.com/.image/c_fill%2Ccs_srgb%2Cfl_progressive%2Ch_400%2Cq_auto:good%2Cw_620/MTU3ODc5MDgyNDAyOTE2MDYz/augusto-pinochet-hero.jpg
November 26,Charles Schulz,1922,2000,cartoonist,https://www.notablebiographies.com/images/uewb_09_img0634.jpg
November 27,Jimi Hendrix,1942,1970,guitarist,https://i.pinimg.com/736x/53/23/57/532357795bd14ef913ad4f7c23a9acb3--jimi-hendrix-singers.jpg
November 28,William Blake,1757,1827,poet-painter,https://daily.jstor.org/wp-content/uploads/2019/06/william_blake_radical_abolitionist_1050x700.jpg
November 29,C. S. Lewis,1898,1963,writer,https://www.independent.org/images/bios_retina/l/lewis_cs_540x702.jpg
November 30,Winston Churchill,1874,1965,British PM,https://www.historic-uk.com/wp-content/uploads/2018/11/churchill-2800x1440.jpg

December 1,Pablo Escobar,1949,1993,drug lord,https://upload.wikimedia.org/wikipedia/commons/9/9a/Pablo_Escobar_Mug.jpg
December 2,Maria Callas,1923,1977,opera singer,"https://lh3.googleusercontent.com/proxy/0wdui3w21fuunpXsA5HQgXzWxTOjtzaPuT9qIw5HMFEIzqjj05qQbhWD91j8CuWY1Zrmj8VcCOgcFMJvQV9HQYhIjJtrqT71fEY73jxbfapRmyKfbznn5oCnngcCvGipJ4b72x4B9PVQym_H0HAu-x4os0oUr1ANSnYkI6MT1aw"
December 3,Joseph Conrad,1857,1924,novelist,https://cdn.britannica.com/27/129227-050-F045FDB2/Joseph-Conrad.jpg
December 4,Francisco Franco,1892,1975,Spanish caudillo,https://upload.wikimedia.org/wikipedia/commons/a/a3/RETRATO_DEL_GRAL._FRANCISCO_FRANCO_BAHAMONDE.jpg
December 5,Walt Disney,1901,1966,film producer,https://static.wikia.nocookie.net/disney/images/e/e5/Walt_Disney_2.jpg/revision/latest?cb=20200612004306
December 6,Joseph Stalin*,1878,1953,Soviet leader,https://magazineclonerepub.blob.core.windows.net/mcepub/2350/108546/image/b9255ab2-14dd-4881-8f71-922e25485b29.jpg
December 7,Eli Wallach,1915,2014,actor,https://api.time.com/wp-content/uploads/2014/06/119588311.jpg
December 8,Mary,1542,1587,Queen of Scots,https://upload.wikimedia.org/wikipedia/commons/e/e9/Fran%C3%A7ois_Clouet_-_Mary%2C_Queen_of_Scots_%281542-87%29_-_Google_Art_Project.jpg
December 9,Kirk Douglas,1916,2020,actor,https://variety.com/wp-content/uploads/2016/12/kirk-douglas-turns-100.jpg
December 10,Emily Dickinson,1830,1886,poet,https://www.crossfit.com/wp-content/uploads/2019/01/28120445/emily-dickinson-hires-cropped.jpg,0.6
December 11,Aleksandr Solzhenitsyn,1918,2008,writer-activist,https://cdn.britannica.com/78/83678-050-7B752CFA/Aleksandr-Solzhenitsyn.jpg
December 12,Frank Sinatra,1915,1998,singer,https://cdn.abcotvs.com/dip/images/1119377_121115-c-sinatra-1280.jpg?w=1280&r=16%3A9
December 13,Christopher Plummer,1929,2021,actor,http://s3-us-west-2.amazonaws.com/assets.bleeckerstreetmedia.com/direct-uploads/5a007a0998a09-f92q629174.jpg
December 14,George VI,1895,1952,British king,https://upload.wikimedia.org/wikipedia/commons/thumb/e/e0/King_George_VI_LOC_matpc.14736_A_%28cropped%29.jpg/800px-King_George_VI_LOC_matpc.14736_A_%28cropped%29.jpg
December 15,J. Paul Getty,1892,1976,industrialist,https://www.biography.com/.image/t_share/MTc5ODc5ODAyMTkzMzIzMTMw/gettyimages-82098528.jpg
December 16,Jane Austen,1775,1817,novelist,https://bordalo.observador.pt/v2/rs:fill:900/c:433:433:nowe:0:0/q:86/plain/https://s3.observador.pt/wp-content/uploads/2020/01/22110313/jane-austen-wikimedia-commons_433x433_acf_cropped.jpg
December 17,Mackenzie King,1874,1950,Canadian PM,https://i1.wp.com/www.junobeach.org/wp-content/uploads/2014/03/people_canada_king_1.jpg?resize=510%2C738
December 18,Franz Ferdinand,1863,1914,Austrian archduke,https://www.biography.com/.image/ar_1:1%2Cc_fill%2Ccs_srgb%2Cfl_progressive%2Cq_auto:good%2Cw_1200/MTE5NTU2MzE2MjE5MTQ3Nzg3/francis-ferdinand-9300680-1-402.jpg
December 19,Leonid Brezhnev*,1906,1982,Soviet leader,https://www.onthisday.com/images/people/leonid-brezhnev-medium.jpg
December 20,Robert Menzies,1894,1978,Australian PM,https://upload.wikimedia.org/wikipedia/commons/2/2f/Portrait_Menzies_1950s.jpg
December 21,Frank Zappa,1940,1993,musician,https://www.hifinews.com/images/styles/600_wide/public/820meetprod.promo_.jpg
December 22,Jean-Michel Basquiat,1960,1988,artist,https://upload.wikimedia.org/wikipedia/en/6/6e/Jean-Michel_Basquiat_1986_by_William_Coupon.jpg
December 23,Joseph Smith,1805,1844,LDS founder,https://www.onthisday.com/images/people/joseph-smith-jr-medium.jpg
December 24,Lemmy,1945,2015,musician,https://townsquare.media/site/366/files/2018/09/Lemmy.jpg
December 25,Isaac Newton*,1642,1727,scientist,https://www.biography.com/.image/t_share/MTY2MzU3Njc4ODI0NjI5OTM0/isaac_newton_1689_painting_sir_godfrey_kneller_public_domain_via_wikimedia_commons.jpg
December 26,Mao Zedong,1893,1976,Chinese revolutionary,https://www.biographyonline.net/wp-content/uploads/2014/05/chairman-mao3.jpg
December 27,Louis Pasteur,1822,1895,microbiologist,https://upload.wikimedia.org/wikipedia/commons/4/42/Louis_Pasteur.jpg
December 28,Stan Lee,1922,2018,comic book writer,https://cdn.vox-cdn.com/thumbor/7DmP8A0HLjUBkZvtc8DVQ3zfkak=/0x0:4677x3280/1400x933/filters:focal(2346x1127:3094x1875):no_upscale()/cdn.vox-cdn.com/uploads/chorus_image/image/62282455/615970090.jpg.0.jpg,0.7
December 29,Andrew Johnson,1808,1875,US president,https://www.usnews.com/dims4/USNEWS/803bb6c/2147483647/thumbnail/640x420/quality/85/?url=http%3A%2F%2Fmedia.beam.usnews.com%2F48%2F6360399039911f92c124ef13176dcc%2F10467FS_DA_090409_worst-johnson.jpg
December 30,Rudyard Kipling,1865,1936,writer,https://upload.wikimedia.org/wikipedia/commons/1/1c/Rudyard_Kipling_%28portrait%29.jpg
December 31,Henri Matisse,1869,1965,artist,https://www.henrimatisse.org/images/Henri-Matisse-Portrait.jpg

