url,author,score
https://i.redd.it/l68riaomsz741.png,ultra_cricket_boy,5471
https://i.redd.it/zr735vf0qto41.png,midlleeastcelts,4310
https://i.redd.it/0ugw85jd45411.png,CJ-Melon,562
https://i.redd.it/hoia2erqrsf31.png,qeqe1213,256
https://i.redd.it/qjp6rmnwdzt21.png,NigelSwafalgan,185
https://i.redd.it/5ylbx4dqkho21.png,woelj,145
http://i.imgur.com/Wx2mTte.png,Sbrudda,123
https://i.redd.it/pt5uebnwdmmz.png,Zah96,106
https://i.imgur.com/bjf7SE5.png,tetraourogallus,110
https://i.redd.it/2atf61ov6yc41.jpg,NurJahreszeiten,98
https://i.redd.it/ko3lf8314tfy.png,henrique3d,93
https://i.redd.it/5mcu21n26rl01.png,WufflyTime,51

